{"stats":{"minecraft:used":{"minecraft:dirt":1},"minecraft:mined":{"minecraft:hay_block":15,"minecraft:short_grass":31,"minecraft:grass_block":1,"minecraft:wheat":2},"minecraft:picked_up":{"minecraft:rotten_flesh":1,"minecraft:wheat_seeds":5,"minecraft:hay_block":15,"minecraft:dirt":1},"minecraft:dropped":{"minecraft:rotten_flesh":1,"minecraft:wheat_seeds":2},"minecraft:custom":{"minecraft:open_chest":1,"minecraft:time_since_rest":3507,"minecraft:sprint_one_cm":23397,"minecraft:play_time":5351,"minecraft:deaths":3,"minecraft:damage_taken":948,"minecraft:walk_one_cm":19468,"minecraft:mob_kills":2,"minecraft:drop":3,"minecraft:jump":156,"minecraft:damage_dealt":471,"minecraft:leave_game":2,"minecraft:time_since_death":3462,"minecraft:total_world_time":5351,"minecraft:fall_one_cm":5666,"minecraft:fly_one_cm":40837},"minecraft:killed_by":{"minecraft:zombie_villager":2,"minecraft:zombie":1}},"DataVersion":3953}