{"stats":{"minecraft:used":{"minecraft:golden_leggings":1,"minecraft:dirt":18},"minecraft:crafted":{"minecraft:oak_planks":12},"minecraft:mined":{"minecraft:short_grass":1,"minecraft:grass_block":1,"minecraft:oak_log":3,"minecraft:dirt":1},"minecraft:picked_up":{"minecraft:golden_leggings":1,"minecraft:golden_hoe":1,"minecraft:fire_charge":1,"minecraft:flint":4,"minecraft:oak_log":3,"minecraft:gold_ingot":5,"minecraft:iron_nugget":13,"minecraft:oak_planks":12,"minecraft:obsidian":2,"minecraft:dirt":33},"minecraft:custom":{"minecraft:time_since_rest":5363,"minecraft:open_chest":1,"minecraft:crouch_one_cm":1780,"minecraft:deaths":1,"minecraft:sprint_one_cm":21949,"minecraft:play_time":9030,"minecraft:damage_taken":316,"minecraft:walk_one_cm":5272,"minecraft:sneak_time":762,"minecraft:walk_under_water_one_cm":219,"minecraft:mob_kills":1,"minecraft:jump":185,"minecraft:damage_dealt":66,"minecraft:leave_game":1,"minecraft:walk_on_water_one_cm":732,"minecraft:time_since_death":5317,"minecraft:total_world_time":9030,"minecraft:swim_one_cm":3376,"minecraft:fall_one_cm":4830,"minecraft:fly_one_cm":51291,"minecraft:horse_one_cm":1089},"minecraft:killed_by":{"minecraft:creeper":1}},"DataVersion":3953}